name,address,lat,lng,Upso,SalesAmt,FlowPop,EmpEop,AbodePop,EmpAvgCo
공릉DT,서울특별시 노원구 동일로 1015 (공릉동),37.6206884,127.0743116,124개,"1,177만원","273,462명","21,551명","49,991명",310만원
태릉입구역DT,서울특별시 노원구 화랑로 469 (공릉동),37.61942,127.07932,124개,"1,109만원","290,060명","20,890명","52,184명",313만원
구리갈매DT,경기도 구리시 갈매순환로 148 (갈매동),37.63237,127.1226,56개,977만원,"126,408명","6,163명","19,835명",331만원
도봉로DT,서울특별시 도봉구 도봉로 635 (쌍문동),37.66118059,127.04163,82개,"1,277만원","85,236명","22,609명","49,878명",298만원
종암DT,서울특별시 성북구 종암로 17 (종암동),37.5919525,127.0360401,76개,950만원,"104,952명","21,495명","26,744명",327만원
구리인창DT,경기도 구리시 건원대로 53 (인창동),37.60568,127.13928,80개,"1,198만원","245,558명","23,509명","39,211명",316만원
의정부장암DT,경기도 의정부시 동일로 114 (장암동),37.69925,127.05465,1개,"3,710만원","71,397명","1,484명","1,470명",310만원
다산DT,경기도 남양주시 다산중앙로 19번길5 (다산동),37.61424,127.15537,43개,"1,221만원","110,517명","11,396명","28,759명",339만원
구리토평DT,경기도 구리시 벌말로 88 (토평동),37.584632,127.147385,10개,"1,013만원","40,707명","4,401명","8,396명",307만원
의정부회룡역DT,경기도 의정부시 평화로 341 (호원동),37.722373,127.047477,38개,"1,280만원","46,361명","9,573명","30,241명",301만원
구의DT,서울특별시 광진구 광나루로 519 (구의동),37.54529838,127.0871967,65개,"1,138만원","67,153명","16,742명","42,786명",329만원
강동암사DT,서울특별시 강동구 고덕로 43 (암사동),37.55511597,127.1299705,65개,"1,010만원","74,546명","14,906명","38,340명",309만원
의정부신곡DT,경기도 의정부시 회룡로 269 (신곡동),37.726826,127.064015,14개,"1,101만원","50,232명","4,593명","24,083명",302만원
의정부용현DT,경기도 의정부시 시민로 468 (용현동),37.73038983,127.0842455,25개,"1,355만원","62,648명","5,203명","16,489명",372만원
의정부예술의전당DT,경기도 의정부시 경의로 31 (의정부동),37.7330525,127.0388483,62개,942만원,"74,897명","21,620명","29,010명",306만원
의정부송산역DT,경기도 의정부시 충의로 95 (용현동),37.74016423,127.0856858,51개,"1,119만원","77,295명","14,376명","29,823명",316만원
진관DT,서울특별시 은평구 연서로 645 (진관동),37.6501787,126.9361968,8개,"1,506만원","15,892명",759명,"3,478명",365만원
강동구청DT,서울특별시 강동구 성내로 32 (성내동),37.52938776,127.1238477,118개,"1,181만원","107,536명","33,577명","39,679명",342만원
하남미사DT,경기도 하남시 미사강변남로 35 (망월동),37.55997203,127.1857908,89개,"1,389만원","138,524명","10,159명","39,356명",418만원
남양주연평DT,경기도 남양주시 진접읍 해밀예당1로 27,37.71152699,127.1855278,24개,"1,084만원","152,194명","5,894명","10,615명",316만원
양주송추DT,경기도 양주시 장흥면 호국로 528,37.717529,126.973093,6개,"1,260만원","55,627명","1,502명","3,644명",307만원
남양주진접DT,경기도 남양주시 진접읍 금강로 1477,37.72288064,127.1902974,18개,974만원,"97,355명","4,355명","12,874명",321만원
의정부녹양DT,경기도 의정부시 비우로 119 (가능동),37.758477,127.040289,28개,"1,091만원","90,962명","8,325명","21,586명",323만원
평내DT,경기도 남양주시 경춘로 1269,37.6477605,127.2346938,45개,"1,039만원","59,273명","9,446명","27,356명",316만원
송파나루역DT,서울특별시 송파구 오금로 142 (송파동),37.51098709,127.1101186,193개,"1,961만원","359,871명","64,044명","41,096명",352만원
연희DT,서울특별시 서대문구 연희로 144 (연희동),37.5702143,126.9339777,78개,"1,725만원","85,078명","11,071명","16,125명",323만원
송파방이DT,서울특별시 송파구 오금로 241 (방이동),37.506564,127.120495,95개,"1,190만원","92,573명","26,277명","46,943명",348만원
리버사이드팔당DT,경기도 남양주시 와부읍 경강로 772,37.567114,127.228362,3개,"7,336만원","8,047명",503명,53명,321만원
북가좌DT,서울특별시 서대문구 응암로 85 (북가좌동),37.580758,126.911478,51개,"1,029만원","100,138명","15,908명","53,085명",310만원
송파마천사거리DT,서울특별시 송파구 거마로 78 (마천동),37.499829,127.147672,51개,"1,105만원","116,111명","14,368명","39,275명",327만원
고양DT,경기도 고양시 덕양구 호국로 1775 (고양동),37.7095394,126.9052947,11개,"1,016만원","48,969명","2,781명","9,224명",312만원
양주광사DT,경기도 양주시 부흥로 1872 (광사동),37.79074642,127.0727905,17개,914만원,"44,948명","3,017명","9,214명",347만원
고양원흥DT,경기도 고양시 덕양구 서오릉로663번길 8 (원흥동),37.636819,126.869261,25개,"1,917만원","46,185명","6,363명","16,512명",333만원
포천호국로DT,경기도 포천시 소흘읍 호국로 246,37.79653392,127.1272415,2개,"1,097만원","43,075명","2,074명",371명,316만원
양주고읍DT,경기도 양주시 고덕로351 (고읍동),37.8035448,127.0793919,8개,"1,602만원","58,682명","2,868명","7,915명",324만원
강남세곡DT,서울특별시 강남구 헌릉로 727 (세곡동),37.4669938,127.1183308,1개,"1,510만원","19,093명","2,280명",51명,363만원
포천내촌DT,경기도 포천시 내촌면 금강로 2064 (내촌면),37.76324077,127.2252362,3개,774만원,"8,971명","2,069명",204명,322만원
남양주화도DT,경기도 남양주시 화도읍 수레로 1137 1~2층,37.6389955,127.3033633,0,0,0,0,0,0
낙성대DT,서울특별시 관악구 남부순환로 1948 (봉천동),37.47624316,126.9651172,70개,"1,297만원","85,237명","17,479명","44,990명",313만원
남양주묵현DT,경기도 남양주시 화도읍 비룡로 122,37.6631,127.30263,25개,"1,133만원","42,265명","4,993명","21,081명",321만원
원당DT,경기도 고양시 덕양구 호국로 811 (주교동),37.658155,126.837639,55개,"1,279만원","120,201명","18,207명","34,562명",319만원
화곡DT,서울특별시 강서구 등촌로 57 (화곡동),37.53501075,126.863188,89개,958만원,"120,508명","19,669명","52,554명",326만원
양주덕정역DT,경기도 양주시 독바위로 35 (덕정동),37.83827084,127.0629792,29개,914만원,"62,853명","5,679명","12,409명",312만원
신림DT,서울특별시 관악구 남부순환로 1419 (신림동),37.480935,126.908407,74개,"1,217만원","107,655명","26,476명","45,731명",297만원
양주회정DT,경기도 양주시 평화로 1687 (회정동),37.83958361,127.0547041,2개,964만원,"14,965명","1,302명",465명,319만원
신정DT,서울특별시 양천구 신월로 341 (신정동),37.521993,126.858865,125개,"1,144만원","215,408명","29,942명","46,306명",331만원
과천DT,경기도 과천시 중앙로 277 (중앙동),37.43929087,126.9938133,4개,"1,607만원","28,881명","2,017명","11,588명",367만원
성남모란DT,경기도 성남시 중원구 둔촌대로 131 (성남동),37.42916075,127.1334431,83개,997만원,"195,712명","16,998명","21,963명",317만원
방화DT,서울특별시 강서구 방화대로 375 (방화동),37.57445683,126.8164881,57개,"1,414만원","93,641명","17,926명","43,511명",364만원
일산풍동DT,경기도 고양시 일산동구 백마로 475 (풍동),37.662091,126.8009,25개,"1,515만원","62,642명","6,836명","15,804명",337만원
신월동DT,서울특별시 양천구 남부순환로 319 (신월동),37.53829235,126.8271014,35개,"1,004만원","87,412명","15,087명","30,353명",313만원
신월IC DT,서울특별시 양천구 남부순환로 430 (신월동),37.52950243,126.8322023,35개,953만원,"66,622명","14,424명","36,352명",297만원
포천DT,경기도 포천시 호국로 925 (선단동),37.84841582,127.1618312,5개,"1,118만원","50,060명","2,582명","4,155명",324만원
김포공항DT,서울특별시 강서구 개화동로 517 (방화동),37.56627942,126.8060664,42개,"1,998만원","278,708명","15,037명","23,211명",361만원
고양대로DT,경기도 고양시 일산동구 고양대로 910 (풍동),37.677601,126.7961618,25개,"1,611만원","19,100명","3,639명","12,031명",334만원
일산애니골DT,경기도 고양시 일산동구 무궁화로 294 (풍동),37.67487449,126.7936439,28개,"1,868만원","51,034명","5,505명","18,420명",331만원
백석역DT,"경기도 고양시 일산동구 중앙로 1054, 1층 (백석동)",37.6439377,126.7873856,111개,"1,060만원","156,954명","26,878명","35,486명",332만원
부천원종DT,경기도 부천시 소사로 826 (원종동),37.52973395,126.8054511,37개,"1,054만원","65,883명","11,149명","27,192명",293만원
구로오류DT,서울특별시 구로구 서해안로 2233 (오류동),37.48812923,126.8344918,21개,"1,163만원","65,006명","6,597명","18,594명",320만원
안양석수DT,경기도 안양시 만안구 경수대로 1397 (석수동),37.4312614,126.9033382,8개,"1,280만원","84,834명","4,841명","13,282명",339만원
동두천송내DT,경기도 동두천시 평화로 2163 (송내동),37.88086925,127.0556326,24개,353만원,"18,054명","2,081명","5,329명",309만원
평촌역DT,경기도 안양시 동안구 시민대로 373 (관양동),37.396509,126.971235,106개,"1,988만원","271,487명","61,635명","17,374명",353만원
리버사이드대성리DT,경기도 가평군 청평면 경춘로 258,37.6982544,127.3852165,4개,"5,427만원","6,116명",147명,301명,315만원
광명소하DT,경기도 광명시 오리로 363 (소하동),37.43483917,126.8792685,30개,"1,285만원","176,862명","7,280명","21,512명",345만원
동두천DT,경기도 동두천시 평화로 2254 (지행동),37.88909874,127.0570115,53개,947만원,"73,588명","8,350명","22,751명",295만원
의왕청계DT,경기도 의왕시 안양판교로 246 (청계동),37.38837217,126.9983852,12개,"3,427만원","75,250명","2,282명","7,656명",362만원
안양운동장사거리DT,경기도 안양시 동안구 관악대로 234 (비산동),37.40111,126.949208,41개,"1,083만원","97,146명","11,612명","35,253명",337만원
일산덕이DT,경기도 고양시 일산서구 탄중로 106 (덕이동),37.69194734,126.7566743,38개,"1,990만원","110,144명","9,315명","18,504명",326만원
파주야당DT,경기도 파주시 경의로 966 (야당동),37.70346,126.75964,30개,"1,400만원","94,058명","5,812명","23,414명",330만원
역곡역DT,경기도 부천시 소사구 경인로 485 (괴안동),37.4835239,126.8093104,71개,"1,283만원","155,674명","17,880명","43,047명",315만원
경기광주IC DT,경기도 광주시 경충대로 1879 (장지동),37.40568102,127.2312381,4개,"2,587만원","16,060명","1,781명","4,611명",326만원
부천옥길DT,경기도 부천시 소사구 양지로 119 (옥길동),37.4720219,126.8160956,30개,"1,499만원","54,012명","5,300명","25,945명",327만원
안양비산DT,경기도 안양시 동안구 경수대로 821 (비산동),37.39254327,126.9428818,52개,"1,392만원","187,002명","27,073명","36,886명",334만원
춘의역DT,경기도 부천시 길주로 386 (춘의동),37.50308,126.78546,65개,"1,116만원","74,689명","34,961명","26,165명",324만원
분당궁내DT,경기도 성남시 분당구 대왕판교로 302 (궁내동),37.370636,127.102071,62개,"3,287만원","210,876명","25,385명","18,901명",418만원
경기광주송정DT,경기도 광주시 경안천로 118 (송정동),37.416384,127.27257,3개,"1,373만원","22,038명",784명,"3,077명",325만원
풍무역DT,경기도 김포시 김포대로 657 (풍무동),37.61036979,126.7375282,17개,"1,264만원","97,145명","3,061명","8,435명",334만원
부천심곡DT,경기도 부천시 원미구 부천로 97 (심곡동),37.492932,126.78441,116개,810만원,"57,169명","25,950명","41,938명",312만원
부천상동DT,경기도 부천시 원미구 평천로 611 (상동),37.51568183,126.7585754,22개,"1,236만원","48,151명","10,841명","19,927명",330만원
안양덕현DT,경기도 안양시 동안구 흥안대로 139 (호계동),37.37130179,126.9602195,43개,"1,001만원","124,857명","12,464명","36,845명",336만원
풍무사거리DT,경기도 김포시 풍무로 137,37.60784497,126.7228369,44개,960만원,"119,995명","8,933명","26,262명",337만원
경기광주신현DT,경기도 광주시 오포읍 태재로 37,37.36005,127.153125,16개,"1,487만원","38,330명","3,315명","7,569명",323만원
부천중동DT,경기도 부천시 원미구 부흥로 193 (중동),37.4963743,126.7642,56개,"1,158만원","42,514명","16,946명","51,020명",310만원
김포풍무DT,경기도 김포시 풍무로 45 (풍무동),37.600112,126.720441,0,0,0,0,0,0
경기광주쌍령DT,경기도 광주시 경충대로 1445 (쌍령동),37.3987506,127.2733178,7개,988만원,"40,464명","2,532명","14,497명",319만원
안양호계DT,경기도 안양시 동안구 엘에스로 23-8 (호계동),37.366561,126.956011,32개,984만원,"114,942명","24,270명","25,372명",339만원
인천계산역DT,인천광역시 계양구 경명대로 1105 (계산동),37.54361825,126.72985,87개,990만원,"96,376명","19,988명","41,827명",297만원
인천갈산DT,인천광역시 부평구 장제로 371 (갈산동),37.5189106,126.7321159,64개,"1,097만원","62,656명","14,943명","33,629명",313만원
경인교대입구역DT,인천광역시 계양구 계양대로 131 (작전동),37.53554797,126.7222533,85개,998만원,"91,894명","16,154명","30,535명",294만원
시흥대야DT,경기도 시흥시 뱀내장터로 27 (대야동),37.441713,126.787757,105개,937만원,"144,310명","21,974명","36,867명",313만원
김포감정DT,경기도 김포시 중봉로 27 (감정동),37.624786,126.696429,19개,"1,151만원","77,405명","5,518명","17,192명",322만원
인천검단DT,인천광역시 서구 검단로 812 (불로동),37.61685,126.6887,15개,"1,367만원","62,799명","3,573명","19,717명",324만원
파주문산DT,경기도 파주시 파주읍 통일로 1555 (봉서리),37.84643804,126.78904,2개,952만원,"9,967명",959명,"1,434명",325만원
시흥목감DT,경기도 시흥시 동서로 950 (조남동),37.37794249,126.8501397,17개,"1,235만원","104,671명","2,297명","13,983명",314만원
용인보정DT,경기도 용인시 기흥구 용구대로2469번길 165 (보정동),37.32147823,127.1041609,85개,"1,442만원","309,895명","17,735명","12,449명",336만원
경기광주초월역DT,경기도 광주시 초월읍 경충대로 1084,37.374402,127.298258,13개,"1,198만원","52,987명","2,361명","7,354명",325만원
용인모현DT,경기도 용인시 처인구 모현읍 백옥대로 2529,37.34897566,127.2493078,1개,"1,446만원","6,301명","1,631명","1,090명",335만원
인천당하DT,인천광역시 서구 원당대로 668 (당하동),37.593418,126.675556,41개,"1,347만원","81,506명","9,138명","33,011명",314만원
인천공촌DT,인천광역시 서구 경명대로694번길 2 (공촌동),37.55169811,126.6853517,4개,"1,138만원","13,775명","2,688명","7,974명",321만원
수지성복DT,경기도 용인시 수지구 성복2로 55 (성복동),37.314048,127.079162,43개,"1,637만원","146,015명","11,269명","42,110명",339만원
가평설악IC DT,경기도 가평군 설악면 신선봉로 14,37.67905252,127.4863817,12개,717만원,"15,575명",987명,"1,004명",321만원
인천서구청DT,인천광역시 서구 서곶로 277 (심곡동),37.5424157,126.67636,44개,"1,109만원","91,762명","17,175명","19,581명",303만원
부평삼거리역DT,인천광역시 남동구 경인로 750 (간석동),37.47662728,126.7102136,9개,808만원,"27,604명","6,873명","15,612명",298만원
의왕삼동DT,경기도 의왕시 덕영대로 182 (삼동),37.316653,126.957363,28개,860만원,"51,648명","5,659명","17,356명",430만원
북수원IC DT,경기도 수원시 장안구 경수대로 1038 (파장동),37.307776,126.99833,50개,965만원,"89,595명","12,899명","33,597명",329만원
김포한강로DT,경기도 김포시 양촌읍 김포한강4로 257,37.65075236,126.6546531,14개,"4,235만원","19,113명","2,687명","5,986명",339만원
인천경원대로DT,인천광역시 부평구 경원대로 1118 (십정동),37.48016802,126.6984276,21개,"1,108만원","33,640명","4,942명","26,540명",299만원
김포석모DT,"경기도 김포시 양촌읍 김포한강4로301 1,2층",37.65127888,126.6498799,0,0,0,0,0,0
용인마북DT,경기도 용인시 기흥구 용구대로 2330,37.2947324,127.1102925,19개,"1,221만원","152,686명","7,004명","16,017명",375만원
곤지암IC DT,경기도 광주시 곤지암읍 경충대로 765 경충대로 765,37.355682,127.325248,8개,"1,121만원","46,532명","3,240명","5,220명",326만원
수원조원DT,경기도 수원시 장안구 경수대로 831 (조원동),37.29523721,127.0157699,67개,789만원,"71,578명","16,080명","27,470명",317만원
간석중앙공원DT,인천광역시 남동구 경인로 563 (간석동),37.463301,126.700723,58개,"1,087만원","97,378명","17,573명","35,672명",302만원
수원연무DT,경기도 수원시 장안구 창룡대로 171 (연무동),37.29218,127.028729,43개,"1,011만원","61,778명","11,362명","25,113명",327만원
인천간석DT,인천광역시 남동구 경원대로 974 (간석동),37.469719,126.690745,51개,"1,007만원","75,612명","17,595명","25,896명",310만원
수원정자사거리DT,경기도 수원시 장안구 수성로 291 (정자동),37.29119596,127.004005,89개,712만원,"73,647명","17,040명","42,607명",312만원
더양평DT,경기도 양평군 양평읍 양근로 76,37.49700509,127.4817523,7개,750만원,"27,521명","1,126명","1,521명",325만원
인천청라DT,인천광역시 서구 국제대로 237 (청라동),37.54141304,126.6470309,24개,"1,034만원","48,783명","2,672명","17,829명",340만원
김포구래DT,경기도 김포시 양촌읍 봉수대로 1871,37.63477683,126.627616,14개,"1,136만원","16,956명","2,083명","16,351명",340만원
동수원DT,경기도 수원시 팔달구 중부대로 161 (우만동),37.2781099,127.0339496,51개,"1,125만원","136,821명","20,721명","28,965명",328만원
인천주안DT,인천광역시 미추홀구 인주대로 443 (주안동),37.4513564,126.6858992,46개,"1,193만원","86,852명","14,944명","34,513명",300만원
인천관교DT,인천광역시 미추홀구 경원대로 656 (관교동),37.44187271,126.6931065,45개,"1,630만원","98,870명","8,189명","20,866명",305만원
용인흥덕DT,경기도 용인시 기흥구 흥덕1로 85 (영덕동),37.27484065,127.0718201,39개,"1,576만원","121,205명","11,108명","23,207명",393만원
인천도화DT,인천광역시 미추홀구 장고개로 28 (도화동),37.47051784,126.6672293,36개,"1,077만원","89,593명","14,630명","29,186명",312만원
용인신갈DT,경기도 용인시 기흥구 중부대로 395 (신갈동),37.27277694,127.1103162,51개,937만원,"220,196명","11,519명","27,734명",343만원
용인동백DT,경기도 용인시 기흥구 어정로 102 (상하동),37.274595,127.141221,9개,"1,453만원","35,947명","3,623명","12,921명",346만원
김포통진DT,경기도 김포시 통진읍 김포대로 2026,37.68293388,126.6190997,1개,681만원,"17,837명","1,532명","2,702명",350만원
수원KBS DT,경기도 수원시 팔달구 권광로 265 (인계동),37.271122,127.035213,59개,"1,226만원","161,559명","24,523명","24,884명",421만원
수원경수인계DT,경기도 수원시 팔달구 경수대로 499 (인계동),37.270568,127.027566,78개,"1,126만원","139,099명","27,050명","27,678명",319만원
수원IC DT,경기도 용인시 기흥구 중부대로 56,37.26724073,127.074871,22개,"1,398만원","105,134명","6,116명","21,741명",362만원
수원인계DT,경기도 수원시 팔달구 인계로94번길 3 (인계동),37.267938,127.027948,116개,"1,231만원","238,070명","39,963명","23,018명",319만원
인천용일사거리DT,인천광역시 미추홀구 한나루로 525 (주안동),37.45368499,126.6682728,30개,983만원,"44,900명","9,999명","34,190명",309만원
제물포역DT,인천광역시 미추홀구 경인로 103 (숭의동),37.466522,126.654075,48개,909만원,"74,392명","12,970명","25,938명",312만원
수원세류DT,경기도 수원시 권선구 권선로544번길 1 (세류동),37.262923,127.011208,41개,"1,078만원","51,961명","9,167명","39,624명",327만원
연천전곡DT,경기도 연천군 전곡읍 평화로 452,38.0118271,127.0687669,5개,612만원,"13,661명",697명,"1,923명",317만원
수원탑동DT,경기도 수원시 권선구 서부로 1769 (탑동),37.26711903,126.9713639,16개,"1,058만원","43,728명","4,690명","8,788명",321만원
용인상하DT,경기도 용인시 기흥구 중부대로 771 (상하동),37.259778,127.142453,5개,"1,154만원","32,586명","2,595명","12,030명",344만원
용인보라DT,경기도 용인시 기흥구 용구대로 1877 (보라동),37.255575,127.104577,22개,"1,584만원","128,290명","7,449명","6,962명",351만원
한국민속촌DT,경기도 용인시 기흥구 사은로 110 (보라동),37.255933,127.116911,16개,"1,643만원","41,901명","4,245명","14,285명",343만원
인천학익DT,인천광역시 미추홀구 매소홀로 368 (학익동),37.44046613,126.6629668,50개,983만원,"108,924명","13,619명","24,188명",321만원
용인하갈DT,경기도 용인시 기흥구 덕영대로 1800 (하갈동),37.24929772,127.0877354,1개,683만원,"31,157명","1,772명","2,001명",406만원
수원망포DT,경기도 수원시 영통구 덕영대로 1467,37.2458277,127.0513399,62개,"1,721만원","186,070명","16,271명","28,615명",423만원
수원세류역DT,경기도 수원시 권선구 경수대로 185 (세류동),37.243791,127.017207,8개,"1,210만원","75,137명","2,950명","9,877명",319만원
인천동춘DT,인천광역시 연수구 앵고개로 171 (동춘동),37.41243,126.664447,22개,"1,654만원","46,902명","3,084명","14,973명",304만원
인천용현DT,인천광역시 미추홀구 아암대로 107 (용현동),37.4523373,126.6325809,56개,923만원,"120,742명","13,172명","31,914명",322만원
용인IC DT,경기도 용인시 처인구 백옥대로 1305 (유방동),37.25140976,127.2121332,2개,849만원,"46,218명","1,765명","3,625명",328만원
수원권선DT,경기도 수원시 권선구 매송고색로 543 (오목천동),37.246345,126.964025,18개,918만원,"94,547명","3,990명","14,159명",343만원
신영통DT,경기도 화성시 영통로 43 (반월동),37.23437984,127.0629551,24개,"1,208만원","164,885명","13,150명","29,116명",456만원
수원고색동DT,경기도 수원시 권선구 서부로1390번길 150 (고색동),37.23932025,126.9887188,18개,"1,237만원","22,158명","10,455명",62명,339만원
용인시청DT,경기도 용인시 처인구 중부대로 1130,37.24029,127.170935,13개,"1,073만원","66,624명","5,522명","10,005명",341만원
인천옥련DT,인천광역시 연수구 능허대로 137 (옥련동),37.42130537,126.6451686,23개,"1,171만원","83,989명","8,512명","20,555명",313만원
용인고림DT,경기도 용인시 처인구 고림로 124 (고림동),37.24395286,127.2180629,5개,918만원,"41,535명","2,448명","9,140명",328만원
용인김량장DT,경기도 용인시 처인구 백옥대로 1174 (김량장동),37.23964042,127.2105675,66개,772만원,"133,536명","9,205명","14,259명",328만원
화성반월DT,경기도 화성시 효행로 1241 (반월동),37.22017737,127.0579605,29개,993만원,"143,972명","41,982명","22,023명",394만원
화성봉담DT,경기도 화성시 효행로 219 (기안동),37.22832461,126.9715786,9개,"1,046만원","62,838명","4,174명","9,252명",336만원
용인마평DT,경기도 용인시 처인구 금령로 188 (마평동),37.2336627,127.2168107,28개,903만원,"70,210명","8,712명","13,066명",328만원
동탄능동DT,경기도 화성시 동탄지성로 201 (능동),37.21213983,127.0535578,25개,988만원,"71,368명","6,901명","32,746명",343만원
화성병점DT,경기도 화성시 효행로 1015 (진안동),37.2127044,127.0382929,67개,"1,094만원","181,292명","16,342명","34,028명",328만원
인천송도DT,인천광역시 연수구 하모니로 136 (송도동),37.384821,126.644284,55개,"1,441만원","263,129명","13,564명","8,075명",393만원
이천사음DT,경기도 이천시 경충대로 3045 (사음동),37.299106,127.407841,6개,"1,252만원","51,022명","1,095명","1,266명",348만원
송도컨벤시아대로DT,인천광역시 연수구 벤처로 10 (송도동),37.3829044,126.6369723,41개,"1,648만원","196,218명","12,009명","15,771명",398만원
화성안녕DT,경기도 화성시 효행로 751 (안녕동),37.20263424,127.0129156,10개,"1,078만원","62,241명","2,224명","8,307명",350만원
서동탄DT,경기도 오산시 외삼미로 162-48 (외삼미동),37.19741995,127.0649801,27개,984만원,"100,217명","6,132명","29,630명",358만원
북오산IC DT,경기도 오산시 문시로 109-2 (외삼미동),37.18982069,127.0588756,5개,"1,129만원","33,195명","2,930명","7,203명",351만원
이천증포DT,경기도 이천시 이섭대천로 1445 (증포동),37.29660399,127.457292,0,0,0,0,0,0
동탄산단DT,경기도 화성시 동탄산단2길 7-36 (방교동),37.16444559,127.0865349,4개,"1,089만원","50,189명","8,712명","3,398명",357만원
오산수청DT,경기도 오산시 경기대로 445 (수청동),37.16298068,127.0666928,0,0,0,0,0,0
남양화성로DT,경기도 화성시 남양읍 화성로 1166 화성로 1166,37.2110563,126.8132035,21개,782만원,"72,679명","3,611명","3,118명",449만원
화성남양DT,경기도 화성시 남양읍 시청로32번길 6,37.20696393,126.8191989,29개,760만원,"88,973명","4,514명","6,180명",449만원
인천강화DT,인천광역시 강화군 강화읍 강화대로 343,37.7426,126.4916,33개,787만원,"60,428명","5,380명","3,906명",313만원
오산부산동DT,경기도 오산시 경기동로 185 (부산동),37.15899425,127.0924278,3개,"1,122만원","55,306명","2,898명","6,201명",357만원
송산마도IC DT,"경기도 화성시 마도면 화성로 803 두곡리 312-4, 312-5",37.20721733,126.7776941,0,0,0,0,0,0
오산원동DT,경기도 오산시 경기대로 218 (원동),37.14418106,127.0738764,72개,"1,101만원","188,604명","19,550명","23,336명",328만원
오산IC DT,경기도 오산시 원동로 74 (원동),37.1426962,127.0768528,45개,"1,039만원","123,200명","13,041명","19,015명",329만원
이천IC DT,경기도 이천시 부발읍 경충대로 2183 신하리 547,37.25779077,127.4829153,7개,"1,077만원","90,100명","32,966명","6,830명",437만원
오산갈곶DT,"경기도 오산시 경기대로 50, B동 (갈곶동)",37.12918599,127.0713109,20개,"1,033만원","50,588명","5,048명","19,020명",348만원
화성향남발안DT,경기도 화성시 향남읍 발안로 308,37.1334903,126.9412125,1개,"1,236만원","4,108명",878명,571명,347만원
화성향남DT,경기도 화성시 향남읍 삼천병마로 213,37.13194855,126.9100021,63개,832만원,"76,852명","6,359명","8,322명",347만원
서여주IC DT,경기도 여주시 세종대왕면 중부대로 2685,37.29813532,127.6029336,3개,748만원,"3,008명",315명,346명,342만원
평택독곡DT,경기도 평택시 경기대로 1600 (독곡동),37.08708158,127.0631199,11개,880만원,"28,926명","2,997명","9,781명",323만원
춘천퇴계DT,강원도 춘천시 안마산로 95 (퇴계동),37.855291,127.726209,20개,"1,084만원","60,681명","4,882명","19,947명",328만원
여주남한강DT,경기도 여주시 강변북로 11 (천송동),37.30041399,127.6481616,19개,805만원,"46,607명","1,686명","3,746명",324만원
평택서정DT,경기도 평택시 경기대로 1353 (서정동),37.066066,127.063519,50개,921만원,"136,958명","12,363명","18,222명",323만원
춘천석사DT,강원도 춘천시 후석로 13 (석사동),37.856608,127.739326,40개,"1,210만원","98,072명","8,827명","28,464명",324만원
여주DT,경기도 여주시 세종로 358 (점봉동)_1,37.26613937,127.6385358,0,0,0,0,0,0
평택이충DT,경기도 평택시 청원로 1388 (이충동),37.0519698,127.0771294,3개,"1,760만원","18,290명","1,361명","1,137명",343만원
춘천후석로DT,강원특별자치도 춘천시 후석로 245 (후평동),37.87326601,127.752245,43개,"1,449만원","49,219명","12,550명","28,056명",320만원
춘천후평DT,강원도 춘천시 후석로 318 (후평동),37.879435,127.750579,45개,"1,248만원","75,627명","10,626명","27,379명",319만원
평택죽백DT,경기도 평택시 만세로 1707 (죽백동),37.01380659,127.1134612,5개,"1,601만원","24,994명","1,065명","6,714명",343만원
평택비전DT,경기도 평택시 비전4로 180 (비전동),37.01125384,127.1046308,21개,"1,165만원","64,887명","3,228명","16,996명",343만원
평택세교DT,경기도 평택시 경기대로 625 (세교동),37.00734058,127.0787977,10개,"1,298만원","76,792명","6,232명","11,147명",329만원
평택청북DT,경기도 평택시 청북읍 안청로2길 86,37.02017327,126.915001,26개,"1,117만원","73,391명","3,264명","14,624명",344만원
안성공도DT,경기도 안성시 공도읍 서동대로 4489,37.009411,127.200801,5개,871만원,"56,656명","2,015명","6,718명",323만원
안성서동대로DT,경기도 안성시 공도읍 서동대로 4314,37.00481676,127.1820894,2개,905만원,"26,761명","1,595명","5,945명",323만원
홍천DT,강원특별자치도 홍천군 홍천읍 홍천로 292,37.68858744,127.8776951,27개,"1,130만원","19,966명","4,681명","5,489명",341만원
안성석정DT,경기도 안성시 중앙로 308 (석정동),37.01046317,127.2620883,68개,960만원,"109,545명","9,193명","19,809명",333만원
평택대DT,경기도 평택시 서동대로 3847 (용이동),36.9933627,127.1346334,37개,"1,020만원","110,602명","5,325명","18,981명",321만원
평택안중DT,경기도 평택시 안중읍 서동대로 1459,36.99081604,126.9133757,4개,"1,012만원","41,999명","1,218명","3,744명",322만원
안성계동DT,경기도 안성시 안성맞춤대로 805 (계동),36.98606486,127.267837,3개,765만원,"22,364명","1,045명","2,853명",340만원
평택팽성DT,경기도 평택시 팽성읍 팽성로 221,36.95483635,127.0599566,4개,867만원,"5,013명",746명,"1,550명",342만원
원주기업도시DT,강원특별자치도 원주시 지정면 기업도시로 224,37.3714478,127.8715601,21개,"1,606만원","36,188명","2,158명","5,526명",337만원
원주봉화산DT,강원도 원주시 서원대로 48 (단계동),37.35306559,127.922218,32개,"1,689만원","65,915명","3,439명","14,198명",329만원
원주IC DT,강원도 원주시 현충로 294 (태장동),37.37965357,127.9488836,14개,948만원,"52,002명","3,923명","7,605명",319만원
원주명륜DT,강원도 원주시 남원로 588 (명륜동),37.33600703,127.9498835,47개,"1,089만원","105,242명","10,299명","16,902명",303만원
원주단구DT,강원도 원주시 서원대로 443 (단구동),37.328515,127.953443,50개,"1,084만원","120,264명","10,885명","22,217명",316만원
원주반곡DT,강원도 원주시 동부순환로 37 (반곡동),37.31976949,127.971709,17개,"1,322만원","60,992명","5,108명","11,297명",343만원
당진시곡DT,충청남도 당진시 서해로 6283 (시곡동),36.903029,126.683873,11개,"2,272만원","37,724명","1,995명","4,259명",381만원
천안두정역DT,충청남도 천안시 서북구 두정로 264 (두정동),36.83287887,127.1463156,71개,911만원,"115,920명","13,190명","37,004명",326만원
천안성정DT,충청남도 천안시 서북구 동서대로 154 (성정동),36.8253941,127.1403512,75개,832만원,"142,491명","18,800명","26,740명",331만원
천안IC DT,충청남도 천안시 동남구 신부15길 3 (신부동),36.82025,127.1615,92개,"1,224만원","160,958명","14,855명","14,118명",313만원
천안불당DT,충청남도 천안시 서북구 불당34길 4 (불당동),36.805399,127.10609,94개,997만원,"166,180명","10,665명","20,765명",383만원
천안서부대로DT,충청남도 천안시 서북구 서부대로 405 (쌍용동),36.80368027,127.1269895,47개,915만원,"104,772명","10,501명","25,652명",317만원
천안원성DT,충청남도 천안시 동남구 충절로 168 (원성동),36.80401081,127.1585082,35개,611만원,"73,327명","8,416명","13,349명",315만원
천안대로DT,충청남도 천안시 동남구 천안대로 527 (구성동),36.795121,127.164257,9개,853만원,"78,053명","6,376명","11,343명",323만원
아산방축DT,충청남도 아산시 온천대로 1392 (방축동),36.78365066,126.9926993,11개,774만원,"63,283명","4,493명","8,834명",316만원
충주시청DT,충청북도 충주시 국원대로 208-1 (금릉동),36.9900658,127.9287563,36개,697만원,"42,351명","10,542명","19,679명",315만원
충주호암DT,충청북도 충주시 중원대로 3245 (호암동),36.95905735,127.923732,16개,910만원,"42,830명","2,094명","14,409명",297만원
충주교현DT,충청북도 충주시 금봉대로 358 (교현동),36.96695568,127.9473864,22개,523만원,"25,288명","3,374명","13,459명",292만원
서산예천DT,충청남도 서산시 나무장1길 22 (예천동),36.771727,126.440171,16개,930만원,"49,537명","3,400명","14,735명",325만원
서산석남DT,충청남도 서산시 남부순환로 994 (석남동),36.76484772,126.4531338,24개,"1,206만원","57,296명","2,911명","12,133명",335만원
제천하소DT,충청북도 제천시 용두대로 55 (하소동),37.1358547,128.1991819,35개,667만원,"56,193명","4,213명","11,434명",317만원
청주율량DT,충청북도 청주시 청원구 충청대로107번길 8 (율량동),36.66623,127.493207,71개,"1,330만원","105,730명","11,896명","18,821명",323만원
제천DT,충청북도 제천시 의림대로 181 (중앙로2가),37.143691,128.213266,76개,608만원,"110,172명","10,746명","12,406명",314만원
청주비하DT,충청북도 청주시 흥덕구 2순환로 1078 (비하동),36.63846427,127.4223378,45개,"1,575만원","111,596명","8,641명","22,432명",377만원
제천장락DT,충청북도 제천시 내토로 824 (장락동),37.149567,128.2264315,12개,718만원,"30,586명","2,817명","11,612명",304만원
청주봉명DT,충청북도 청주시 흥덕구 1순환로 514 (봉명동),36.64676761,127.4645612,39개,"1,057만원","71,247명","9,934명","18,913명",323만원
청주사직DT,충청북도 청주시 서원구 사직대로 302 (사직동),36.63590622,127.4811561,84개,"1,002만원","117,672명","11,556명","6,467명",312만원
청주용담DT,충청북도 청주시 상당구 산성로 129 (용담동),36.634172,127.50511,35개,"1,461만원","84,776명","7,486명","26,795명",304만원
충남홍성DT,충청남도 홍성군 홍성읍 도청대로 58,36.60962363,126.6635747,4개,580만원,"18,270명","1,226명","2,304명",351만원
청주분평DT,충청북도 청주시 서원구 1순환로 1154 (분평동),36.605664,127.494821,23개,"1,778만원","71,367명","5,270명","19,296명",316만원
청주용암DT,충청북도 청주시 상당구 1순환로 1243 (용암동),36.60750931,127.5039471,30개,"1,231만원","110,827명","8,832명","24,649명",316만원
세종다정DT,세종특별자치시 다정북로 219 (다정동),36.494878,127.255384,51개,"1,983만원","68,388명","8,708명","30,464명",364만원
공주DT,충청남도 공주시 무령로 467 (신관동),36.46815,127.14274,37개,695만원,"40,459명","5,891명","7,137명",321만원
세종금강DT,세종특별자치시 시청대로 45 (대평동),36.47605369,127.2774976,22개,"1,212만원","58,161명","2,899명","13,496명",354만원
신탄진금강DT,대전광역시 대덕구 신탄진로 866 (신탄진동),36.454619,127.42882,39개,"1,470만원","58,448명","4,037명","13,199명",338만원
대전신탄진DT,대전광역시 대덕구 대덕대로 1544 (석봉동),36.4486603,127.419983,22개,"2,648만원","70,900명","4,822명","18,835명",352만원
공주동학사DT,충청남도 공주시 반포면 동학사1로 114,36.36336,127.2535628,16개,"1,282만원","17,129명",648명,578명,328만원
대전도안DT,대전광역시 유성구 도안대로 573 (봉명동),36.3513576,127.3402518,96개,"1,151만원","164,428명","19,802명","22,198명",343만원
대전구암DT,대전광역시 유성구 월드컵대로289번길 6 (구암동),36.3487072,127.3326118,45개,774만원,"61,596명","8,593명","19,050명",335만원
대전갈마DT,대전광역시 서구 계룡로 384 (갈마동),36.35148134,127.3704905,152개,"1,137만원","126,987명","22,581명","38,393명",323만원
대전한남대DT,대전광역시 대덕구 한밭대로 1122 (중리동),36.35849,127.42331,46개,705만원,"40,783명","10,429명","15,359명",318만원
속초교동DT,강원도 속초시 청대로 339 (교동),38.1966412,128.5718716,24개,"1,451만원","63,221명","7,247명","9,612명",317만원
대전용전DT,대전광역시 동구 한밭대로 1239 (용전동),36.357196,127.435505,54개,744만원,"47,906명","13,954명","22,126명",308만원
속초DT,강원도 속초시 동해대로 4114 (조양동),38.1898709,128.5844124,31개,"1,639만원","136,545명","4,647명","12,978명",323만원
대전IC DT,대전광역시 대덕구 동서대로 1776 (비래동),36.35423933,127.444259,53개,934만원,"60,946명","14,109명","23,358명",306만원
속초금호DT,강원도 속초시 미시령로 3426 (금호동),38.2090544,128.5804872,14개,"1,097만원","23,554명","3,849명","13,013명",318만원
대전터미널DT,대전광역시 동구 동서대로 1658 (성남동),36.347995,127.434241,77개,913만원,"99,100명","14,436명","25,413명",306만원
대전용문DT,대전광역시 서구 도산로 336 (용문동),36.3350093,127.3897099,88개,894만원,"115,317명","18,219명","26,578명",299만원
대전수침교DT,대전광역시 서구 계룡로 692 (용문동),36.3349683,127.3967288,34개,800만원,"64,645명","10,457명","19,499명",302만원
대전목동DT,대전광역시 중구 동서대로 1387 (목동),36.33286682,127.4109608,58개,"1,034만원","49,653명","14,610명","28,621명",304만원
대전유천DT,대전광역시 중구 계백로 1604 (유천동),36.31833643,127.3982537,55개,918만원,"55,658명","12,214명","29,553명",297만원
대전대사DT,대전광역시 중구 계룡로 949 (대사동),36.318823,127.417463,50개,"1,148만원","52,818명","16,314명","15,878명",315만원
대전가수원DT,대전광역시 서구 계백로 1128 (가수원동),36.3037589,127.3487988,72개,"1,129만원","62,088명","8,734명","16,372명",319만원
대전신흥역DT,대전광역시 동구 옥천로 89 (판암동),36.3189576,127.4511473,8개,869만원,"27,344명","3,054명","14,427명",302만원
충남보령DT,충청남도 보령시 대해로 101 (궁촌동),36.34108936,126.5892326,12개,861만원,"15,622명","1,637명","1,732명",313만원
대전판암DT,대전광역시 동구 옥천로 118 (판암동),36.317013,127.453623,12개,887만원,"33,914명","5,461명","12,666명",303만원
계룡대로DT,충청남도 계룡시 엄사면 번영로 6,36.28846474,127.2444081,21개,846만원,"51,753명","6,224명","8,623명",316만원
충남부여DT,충청남도 부여군 부여읍 성왕로 317,36.28403924,126.9221799,8개,604만원,"9,750명","1,752명","5,168명",314만원
계룡대실DT,충청남도 계룡시 계룡대로 239 (금암동),36.26826502,127.2596001,14개,865만원,"30,932명","3,421명","7,350명",304만원
강릉IC DT,강원도 강릉시 경강로 1853 (홍제동),37.74674612,128.8723118,2개,"1,503만원","18,072명","1,948명","2,614명",311만원
강릉율곡DT,강원도 강릉시 율곡로 2996 (교동),37.7698839,128.8922189,13개,"1,139만원","34,732명","3,016명","9,198명",317만원
논산내동DT,충청남도 논산시 시민로 165 (내동),36.18212516,127.0997933,35개,621만원,"29,132명","5,488명","10,403명",293만원
강릉송정DT,강원도 강릉시 경강로 2400 (송정동),37.771851,128.922839,11개,"2,177만원","26,105명","3,919명","4,438명",319만원
상주무양DT,경상북도 상주시 영남제일로 1683 (무양동),36.42618534,128.1572021,28개,691만원,"39,711명","3,873명","9,817명",314만원
동해IC DT,강원도 동해시 동해대로 5453 (평릉동),37.52889584,129.1044122,20개,939만원,"29,795명","3,063명","9,065명",326만원
동해DT,강원도 동해시 중앙로 219 (천곡동),37.520193,129.114767,50개,939만원,"43,833명","11,879명","9,118명",341만원
익산영등DT,전라북도 익산시 무왕로 1005 (영등동),35.959316,126.968766,68개,785만원,"51,904명","10,432명","17,036명",315만원
군산조촌DT,전라북도 군산시 번영로 133 (조촌동),35.96695744,126.7346272,44개,"1,047만원","73,478명","9,914명","13,825명",331만원
군산나운DT,전라북도 군산시 하나운안2길 4 (나운동),35.962771,126.695586,39개,"1,024만원","50,361명","10,001명","24,424명",318만원
군산수송DT,전라북도 군산시 공단대로 243 (수송동),35.95883666,126.7146301,73개,993만원,"63,489명","8,848명","14,334명",317만원
안동강변DT,경상북도 안동시 육사로 327 (법흥동),36.56222049,128.7398468,20개,683만원,"27,980명","3,871명","4,662명",313만원
익산동산DT,전라북도 익산시 평동로 722 (동산동),35.928958,126.9583741,21개,868만원,"44,469명","6,004명","11,781명",300만원
김천부곡DT,경상북도 김천시 시민로 47 (부곡동),36.12816,128.1013,10개,776만원,"25,774명","3,700명","10,813명",319만원
김천시청DT,경상북도 김천시 시청로 47 (대신동),36.13260785,128.1176702,30개,797만원,"70,255명","5,081명","12,244명",326만원
전주에코DT,전라북도 전주시 덕진구 백석로 170 (전미동1가),35.88221906,127.1319004,8개,"1,329만원","72,579명","1,064명","9,898명",316만원
전주IC DT,전라북도 전주시 덕진구 기린대로 1022 (여의동),35.86801834,127.0744472,18개,835만원,"88,857명","5,446명","8,172명",344만원
전주송천DT,전라북도 전주시 덕진구 송천중앙로 228 (송천동2가),35.867469,127.121929,64개,"1,109만원","223,786명","9,380명","19,907명",314만원
전주호성DT,전라북도 전주시 덕진구 동부대로 860 (호성동1가),35.86362914,127.1507938,17개,"1,004만원","32,870명","3,509명","11,763명",319만원
구미문성DT,경상북도 구미시 고아읍 들성로 207,36.16082979,128.3430457,28개,897만원,"19,114명","1,721명","8,059명",302만원
전주덕진광장DT,전라북도 전주시 덕진구 기린대로 491 (덕진동1가),35.842878,127.124205,91개,929만원,"89,501명","15,469명","6,856명",327만원
전북대병원DT,전라북도 전주시 덕진구 백제대로 616 (금암동),35.84163023,127.137024,52개,875만원,"60,281명","17,794명","13,066명",338만원
구미도량DT,경상북도 구미시 야은로 312 (도량동),36.138474,128.316815,21개,"1,137만원","47,927명","4,654명","12,453명",297만원
전주만성DT,전라북도 전주시 덕진구 정여립로 972 (만성동),35.8366124,127.0778154,24개,"1,110만원","28,320명","3,777명","4,338명",356만원
전주아중DT,전라북도 전주시 덕진구 아중로 220 (우아동1가),35.82822966,127.1731612,44개,837만원,"34,192명","6,506명","14,248명",311만원
전주인후DT,전라북도 전주시 덕진구 아중로 135 (인후동1가),35.82574496,127.1644475,47개,743만원,"43,191명","8,109명","20,410명",313만원
구미금오산DT,경상북도 구미시 금오산로 205 (남통동),36.12245,128.323746,18개,"1,050만원","11,572명","1,268명","1,571명",313만원
전주백제대로DT,전라북도 전주시 완산구 백제대로 242 (중화산동2가),35.814654,127.123414,55개,886만원,"75,531명","13,561명","19,717명",311만원
구미시청DT,경상북도 구미시 송정대로 27 (송정동),36.1176314,128.3416068,49개,971만원,"122,399명","15,536명","17,255명",312만원
전주효자DT,전라북도 전주시 완산구 용머리로 7 (효자동1가),35.80555022,127.1111528,39개,847만원,"58,494명","8,771명","22,183명",302만원
전북김제DT,전라북도 김제시 콩쥐팥쥐로 11 (검산동),35.80616237,126.906437,14개,980만원,"14,897명","1,739명","4,936명",325만원
전주효천DT,전라북도 전주시 완산구 천잠로 149 (효자동2가),35.80078849,127.0993062,24개,"1,129만원","37,301명","4,472명","9,505명",307만원
구미광평DT,경상북도 구미시 구미대로 188 (광평동),36.10374,128.36359,9개,808만원,"41,368명","4,765명","6,253명",334만원
전주평화DT,전라북도 전주시 완산구 모악로 4696 (평화동2가),35.788482,127.131075,44개,831만원,"79,896명","8,357명","30,261명",292만원
구미상모DT,경상북도 구미시 금오대로 439 (상모동),36.0823172,128.3563847,16개,792만원,"26,579명","3,100명","11,712명",304만원
구미인의DT,경상북도 구미시 인동북길 149 (인의동),36.095564,128.431144,65개,848만원,"39,579명","10,980명","20,850명",352만원
대구칠곡읍내DT,칠곡중앙대로 631 칠곡중앙대로 631,35.9518399,128.5531285,17개,"1,192만원","24,456명","3,307명","9,840명",309만원
전북정읍DT,전라북도 정읍시 충정로 271 (수성동),35.57051067,126.8518671,71개,796만원,"70,272명","9,661명","7,453명",320만원
대구칠곡대로DT,대구광역시 북구 칠곡중앙대로 348 (태전동),35.92685124,128.5478845,73개,933만원,"93,746명","11,856명","24,345명",305만원
대구태전DT,대구광역시 북구 칠곡중앙대로 158 (태전동),35.90990274,128.5487293,23개,"1,530만원","64,588명","4,089명","13,526명",308만원
대구연경DT,대구광역시 동구 동화천로 391 (지묘동),35.94290686,128.630979,11개,"1,160만원","24,853명","1,084명","9,140명",309만원
대구팔공로DT,대구광역시 동구 팔공로 332 (봉무동),35.9284602,128.6418299,12개,"1,311만원","28,305명","2,044명","11,153명",315만원
대구성서IC DT,대구광역시 달서구 달구벌대로 1393,35.8507998,128.5202603,25개,980만원,"85,761명","9,255명","28,932명",309만원
대구침산DT,대구광역시 북구 침산로 126 (침산동),35.8874784,128.5918375,69개,"1,425만원","153,801명","13,415명","36,329명",323만원
대구평리DT,대구광역시 서구 서대구로 89 (평리1동),35.86594498,128.5553198,40개,721만원,"77,575명","15,273명","33,493명",297만원
대구복현DT,대구광역시 북구 대학로 150 (복현동),35.8967637,128.6146417,82개,951만원,"132,754명","12,624명","31,128명",323만원
대구칠성DT,대구광역시 북구 중앙대로 524 (칠성동2가),35.879674,128.596391,57개,"1,042만원","136,395명","16,834명","25,171명",321만원
대구두류DT,대구광역시 달서구 달구벌대로 1798 (두류동),35.858804,128.561685,62개,768만원,"100,172명","17,989명","20,912명",296만원
대구감삼DT,대구광역시 달서구 와룡로 131,35.8443842,128.5366553,69개,"1,351만원","150,978명","13,222명","39,970명",315만원
대구공평DT,대구광역시 중구 국채보상로 642 (동인동2가),35.86955911,128.6006787,303개,"1,366만원","202,643명","52,155명","11,050명",322만원
대구신천DT,대구광역시 동구 동부로 78 (신천동),35.87488214,128.6211104,62개,"1,180만원","142,362명","22,528명","30,043명",322만원
대구상인DT,대구광역시 달서구 월곡로 334 (상인동),35.82273539,128.5337302,82개,"1,043만원","142,715명","14,221명","32,312명",310만원
동대구로DT,대구광역시 동구 동대구로 422 (신천동),35.8680868,128.6271589,89개,"1,066만원","115,586명","31,227명","25,535명",328만원
대구수성도서관DT,대구광역시 수성구 화랑로 112 (만촌동),35.87274919,128.6390004,54개,873만원,"95,368명","13,074명","25,423명",327만원
대구수성네거리DT,대구광역시 수성구 들안로 342 (수성동4가),35.86058,128.617977,92개,"1,341만원","186,459명","22,302명","37,391명",345만원
대구영대병원역DT,대구광역시 남구 봉덕로 25 (봉덕동),35.845522,128.593536,78개,679만원,"59,354명","14,595명","20,461명",304만원
대구앞산DT,대구광역시 남구 현충로 32 (대명동),35.835516,128.579871,54개,"1,511만원","82,525명","8,606명","14,400명",303만원
대구월곡DT,대구광역시 달서구 월곡로 225 (상인동),35.814866,128.541057,84개,772만원,"133,854명","15,843명","30,719명",305만원
대구중동DT,대구광역시 수성구 수성로 243 (중동),35.847384,128.612529,38개,864만원,"68,806명","11,552명","24,285명",319만원
대구방촌DT,대구광역시 동구 화랑로 389 (방촌동),35.87735849,128.6664953,37개,"1,075만원","85,538명","7,475명","19,846명",310만원
대구도원DT,대구광역시 달서구 상화로 314 (도원동),35.80781241,128.5481164,35개,732만원,"56,932명","7,948명","20,622명",303만원
대구중동네거리DT,대구광역시 수성구 청수로 51 (중동),35.840917,128.613963,57개,886만원,"86,308명","12,068명","20,415명",310만원
대구들안길DT,대구광역시 수성구 들안로 85 (상동),35.837524,128.61636,85개,"1,040만원","104,903명","13,130명","23,832명",319만원
대구만촌DT,대구광역시 수성구 달구벌대로 2636 (만촌동),35.85633663,128.6502328,44개,958만원,"127,159명","7,305명","12,705명",328만원
대구황금DT,대구광역시 수성구 청수로 164 (지산동),35.839069,128.625797,76개,"1,103만원","91,737명","12,292명","22,768명",309만원
국립대구박물관DT,대구광역시 수성구 청호로 318 (황금동),35.845491,128.639059,19개,"1,088만원","40,165명","4,870명","16,456명",322만원
대구상동DT,대구광역시 수성구 무학로 29(상동),35.8296424,128.6116932,33개,"1,413만원","67,929명","6,208명","11,407명",303만원
대구두산DT,대구광역시 수성구 지범로 37 (두산동),35.82728289,128.6258486,66개,"1,484만원","67,379명","10,856명","13,594명",315만원
대구각산역DT,대구광역시 동구 안심로 383,35.868908,128.7261214,42개,838만원,"132,237명","9,768명","26,738명",346만원
경산하양DT,경상북도 경산시 진량읍 대학로 1417,35.904849,128.823882,4개,"1,092만원","12,956명","1,597명","5,889명",333만원
대구현풍DT,대구광역시 달성군 현풍읍 비슬로 588,35.69152393,128.4447612,24개,991만원,"88,059명","4,387명","9,699명",347만원
영천완산DT,경상북도 영천시 영화로 272 (완산동),35.9670208,128.9488634,4개,576만원,"17,144명","1,544명","9,456명",323만원
경산임당역DT,경상북도 경산시 대학로 208 (계양동),35.83375032,128.7456583,32개,694만원,"40,945명","6,867명","4,196명",322만원
전북남원DT,전라북도 남원시 요천로 1477 (쌍교동),35.4038734,127.3828799,65개,738만원,"92,408명","4,924명","3,325명",313만원
경산중방DT,경상북도 경산시 경안로 222 (중방동),35.82740549,128.736778,58개,600만원,"99,671명","12,282명","16,519명",316만원
대구국가산단DT,대구광역시 달성군 구지면 국가산단대로 260,35.65263364,128.4180642,15개,908만원,"79,437명","2,123명","8,777명",352만원
포항초곡DT,경상북도 포항시 북구 흥해읍 동해대로 1354,36.09407364,129.3431826,19개,783만원,"16,049명",698명,"1,396명",328만원
포항법원DT,경상북도 포항시 북구 신덕로 287 (장성동),36.088505,129.385016,53개,753만원,"65,387명","5,410명","16,432명",325만원
포항IC DT,경상북도 포항시 남구 희망대로 353 (이동),36.0354995,129.3330309,8개,819만원,"12,342명","1,992명","1,466명",331만원
포항장성DT,경상북도 포항시 북구 새천년대로 1255 (장성동),36.074535,129.384214,30개,812만원,"38,602명","4,853명","14,360명",306만원
포항두호DT,경상북도 포항시 북구 새천년대로 1031 (창포동),36.0610094,129.370226,31개,833만원,"64,205명","6,976명","30,313명",305만원
광주비아DT,광주광역시 광산구 첨단과기로 81 (비아동),35.2232057,126.8348789,6개,"1,290만원","49,871명","3,277명","16,798명",337만원
광주용두DT,광주광역시 북구 임방울대로 1016 (신용동),35.212837,126.868485,42개,922만원,"96,478명","6,693명","27,015명",337만원
광주양산DT,광주광역시 북구 하서로 380 (양산동),35.208888,126.87419,62개,891만원,"107,767명","10,793명","23,379명",337만원
포항죽도DT,경상북도 포항시 북구 새천년대로 486 699-1 에스오일,36.018521,129.347918,72개,780만원,"120,020명","16,440명","12,063명",321만원
광주첨단DT,광주광역시 광산구 첨단월봉로 84 (산월동),35.20623848,126.847734,13개,919만원,"86,877명","4,746명","11,771명",329만원
포항중앙로DT,경상북도 포항시 북구 중앙로 197 (죽도동),36.030707,129.366266,62개,708만원,"136,117명","19,402명","15,752명",309만원
포항쌍용DT,경상북도 포항시 남구 중흥로 122 (상도동),36.0155,129.352589,69개,744만원,"149,060명","17,860명","14,289명",323만원
광주수완DT,광주광역시 광산구 임방울대로 487 (수완동),35.20309515,126.8190685,16개,"1,210만원","75,623명","4,158명","16,809명",345만원
광주연제DT,광주광역시 북구 양일로18번길 2 (연제동),35.197688,126.866803,16개,942만원,"51,593명","5,902명","15,290명",320만원
광주각화DT,광주광역시 북구 동문대로 303 (문흥동),35.18864434,126.9335991,12개,852만원,"51,304명","2,813명","11,895명",297만원
광주매곡DT,광주광역시 북구 설죽로 339 (매곡동),35.189836,126.898698,52개,962만원,"109,389명","12,343명","30,183명",313만원
광주신창강변DT,광주광역시 광산구 북문대로 321 (신창동),35.18884478,126.8576499,4개,"1,001만원","30,693명","2,124명","3,482명",320만원
경주충효DT,경상북도 경주시 태종로 406 (충효동),35.8445385,129.1747576,7개,963만원,"14,046명","2,116명","5,577명",307만원
동광주DT,광주광역시 북구 동문대로 148 (두암동),35.175874,126.927584,52개,900만원,"74,430명","12,569명","23,536명",300만원
광주신가DT,광주광역시 광산구 목련로 335 (신가동),35.1790467,126.8301259,12개,"1,063만원","74,697명","5,676명","14,909명",319만원
경주용강DT,경상북도 경주시 산업로 4350 (용강동),35.86773845,129.2244545,22개,766만원,"51,389명","5,000명","13,187명",315만원
광주흑석DT,광주광역시 광산구 사암로 367 (산정동),35.17696353,126.8079288,54개,977만원,"125,280명","10,651명","20,419명",320만원
광주신안DT,광주광역시 북구 서암대로 93 (신안동),35.171678,126.894998,32개,887만원,"88,173명","10,875명","15,769명",306만원
광주운남DT,광주광역시 광산구 임방울대로 156 (운남동),35.175136,126.818062,37개,"1,000만원","121,666명","8,255명","28,833명",318만원
광주산정DT,광주광역시 광산구 용아로 342 (산정동),35.173524,126.804191,45개,983만원,"100,629명","9,523명","24,812명",317만원
포항포스코DT,경상북도 포항시 남구 동해안로6213번길 15-15 (동촌동),35.99657779,129.3876409,0개,0만원,"30,446명","7,904명",0명,473만원
경주터미널DT,경상북도 경주시 태종로 686 (사정동),35.838226,129.203324,83개,"1,237만원","47,106명","5,007명","4,354명",304만원
광주신세계DT,광주광역시 서구 죽봉대로 33 (화정동),35.15625121,126.8827516,81개,978만원,"357,384명","21,768명","17,570명",345만원
광주화정DT,광주광역시 서구 상무대로 1080,35.152205,126.879997,75개,768만원,"154,540명","14,009명","22,680명",347만원
광주지산DT,광주광역시 동구 필문대로 240 (동명동),35.149728,126.92907,189개,998만원,"104,235명","17,401명","13,422명",325만원
광주상무DT,광주광역시 서구 상무대로 847 (쌍촌동),35.14993173,126.8548227,95개,"1,238만원","227,683명","27,383명","14,188명",327만원
광주월산DT,광주광역시 남구 대남대로 386 (월산동),35.145516,126.890794,62개,667만원,"136,632명","12,309명","21,695명",314만원
광주충장DT,광주광역시 동구 천변우로 421 (불로동),35.144342,126.9149709,164개,915만원,"185,571명","28,074명","8,729명",312만원
광주금호DT,광주광역시 서구 운천로109번길 1 (쌍촌동),35.1421126,126.8576646,33개,"1,153만원","72,532명","8,086명","17,459명",321만원
광주선운DT,광주광역시 광산구 선운로 20번길 63,35.14689181,126.7775276,22개,"1,099만원","78,829명","2,392명","12,767명",330만원
경주보문호수DT,경상북도 경주시 보문로 132-6 (북군동),35.8532391,129.2686877,8개,"4,451만원","28,290명",361명,88명,298만원
광주방림DT,광주광역시 남구 대남대로 67 (방림동),35.13498,126.917698,76개,830만원,"112,029명","8,246명","22,847명",313만원
광주주월DT,광주광역시 남구 회재로 1256 (주월동),35.1341387,126.8981372,74개,752만원,"167,575명","12,544명","24,578명",302만원
서광주DT,광주광역시 서구 서광주로 23 (매월동),35.129468,126.847401,20개,988만원,"84,241명","3,901명","9,751명",321만원
광주지원DT,광주광역시 동구 남문로 529 (용산동),35.11852251,126.9333452,12개,891만원,"44,441명","2,018명","6,279명",306만원
경주보문로DT,"경상북도 경주시 보문로 510-6, 외 1번지(신평동 719-220) (천군동)",35.838831,129.285953,21개,"1,966만원","44,107명","1,991명",2명,304만원
밀양DT,경상남도 밀양시 밀양대로 1792 (삼문동),35.4853274,128.7512487,58개,616만원,"88,327명","5,692명","13,196명",311만원
광주효천DT,광주광역시 남구 임암길 232 (임암동),35.100033,126.871253,19개,"1,090만원","79,136명","1,945명","9,149명",335만원
전남화순DT,전라남도 화순군 화순읍 서양로 478,35.06852656,126.9887666,32개,765만원,"12,260명","3,153명","7,225명",334만원
진주초전DT,경상남도 진주시 대신로 411 (초전동),35.197388,128.116032,22개,690만원,"96,065명","4,517명","11,341명",309만원
진주칠암DT,경상남도 진주시 진주대로829번길 2 (주약동),35.1749073,128.0929658,44개,760만원,"82,271명","11,275명","10,721명",324만원
나주혁신DT,전라남도 나주시 빛가람로 838 (빛가람동),35.02127159,126.8030452,10개,994만원,"12,102명","1,008명","4,322명",390만원
창원호계DT,경상남도 창원시 마산회원구 내서읍 호원로 315,35.261507,128.523036,19개,624만원,"41,131명","3,226명","10,744명",306만원
순천용당DT,전라남도 순천시 중앙로 398 (가곡동),34.9801606,127.485398,9개,922만원,"26,796명","3,736명","8,178명",327만원
창원역DT,경상남도 창원시 의창구 의창대로 68 (팔용동),35.257066,128.607861,34개,740만원,"115,496명","12,292명","10,200명",316만원
경남사천DT,경상남도 사천시 사천읍 사천대로 1844,35.08098006,128.083555,38개,677만원,"212,681명","6,277명","5,720명",312만원
김해진영DT,경상남도 김해시 진영읍 여래로20번길 34-26,35.30600409,128.7317532,65개,772만원,"107,004명","7,845명","16,655명",328만원
마산역DT,경상남도 창원시 마산회원구 3·15대로 715 (석전동),35.2362004,128.5805449,101개,733만원,"144,164명","15,977명","20,144명",315만원
마산회원DT,경상남도 창원시 마산회원구 3·15대로 518 (회원동),35.2206567,128.5744344,33개,693만원,"79,859명","9,415명","19,403명",297만원
울산호계DT,울산광역시 북구 산업로 1464 (신천동),35.63791557,129.3450397,11개,854만원,"51,651명","2,322명","9,431명",321만원
마산봉암로DT,경상남도 창원시 마산회원구 봉양로 118 (봉암동),35.21881953,128.5993183,9개,713만원,"43,217명","12,415명","2,758명",319만원
마산해안대로DT,경상남도 창원시 마산합포구 해안대로 383 (오동동),35.20451032,128.5809559,67개,511만원,"131,236명","12,812명","11,529명",294만원
순천팔마DT,전라남도 순천시 백강로 23 (연향동),34.9351333,127.5216868,22개,952만원,"36,812명","2,425명","3,846명",330만원
마산월남동DT,경상남도 창원시 마산합포구 3·15대로 70 (월남동2가),35.18582228,128.5612262,69개,724만원,"186,656명","12,691명","16,622명",310만원
전남광양DT,전라남도 광양시 중마중앙로 143,34.9431962,127.6977924,29개,890만원,"128,047명","8,472명","8,882명",331만원
광양마동DT,전라남도 광양시 백운로 1267 (마동),34.9402692,127.7057147,24개,824만원,"54,847명","3,240명","7,241명",408만원
울산약사DT,울산광역시 중구 북부순환도로 754 (약사동),35.573151,129.337371,18개,857만원,"32,026명","5,217명","17,430명",319만원
창원대로DT,경상남도 창원시 성산구 성산패총로 182 (가음정동),35.20956159,128.6836819,14개,"1,021만원","37,168명","8,664명","7,394명",365만원
울산북구청DT,울산광역시 북구 산업로 1011 (연암동),35.58348599,129.3589047,14개,"1,343만원","93,816명","7,586명","5,300명",345만원
울산MBC DT,울산광역시 중구 번영로 434 (복산동),35.561657,129.332358,43개,629만원,"86,537명","10,847명","25,133명",309만원
울산신정DT,울산광역시 남구 문수로 435 (신정동),35.5336116,129.3011209,52개,883만원,"95,471명","11,683명","29,477명",326만원
울산시청사거리DT,울산광역시 남구 중앙로 180 (달동),35.537195,129.313617,93개,855만원,"151,961명","29,892명","22,675명",315만원
울산남구청DT,울산광역시 남구 번영로 215 (신정동),35.5441545,129.3245996,105개,753만원,"89,988명","20,520명","20,135명",314만원
울산정자비치DT,울산광역시 북구 동해안로 1601 (산하동),35.62741168,129.4411137,13개,"1,549만원","23,592명","1,060명","4,585명",322만원
마산진동DT,경상남도 창원시 마산합포구 진동면 삼진의거대로 589-1,35.114308,128.482418,17개,622만원,"13,839명","1,968명","4,063명",319만원
울산중리사거리DT,울산광역시 남구 돋질로 310 (삼산동),35.543928,129.338651,129개,"1,004만원","202,009명","27,214명","19,726명",310만원
울산번영로DT,울산광역시 남구 달삼로 3 (달동),35.53541316,129.3293004,107개,959만원,"144,987명","27,224명","33,024명",334만원
울산도산사거리DT,울산광역시 남구 대암로129번길 9-6 (야음동),35.53094166,129.330232,47개,"1,007만원","88,384명","12,734명","39,350명",338만원
울산태화강역DT,울산광역시 남구 삼산로 379 (삼산동),35.5401976,129.3486954,39개,"1,056만원","116,716명","14,971명","12,699명",377만원
김해구산DT,경상남도 김해시 김해대로 1918 (구산동),35.25531499,128.8663842,39개,788만원,"75,953명","6,577명","22,790명",302만원
양산물금DT,경상남도 양산시 물금읍 황산로 346,35.30753543,128.9864004,36개,"1,512만원","20,974명","2,778명","13,808명",330만원
김해주촌DT,경상남도 김해시 주촌면 선천로 99,35.23528329,128.8434959,13개,807만원,"24,990명","2,113명","14,732명",315만원
김해금관대로DT,경상남도 김해시 금관대로 1293 (내동),35.23987202,128.8609005,40개,897만원,"57,983명","10,814명","22,825명",294만원
진해경화역DT,경상남도 창원시 진해구 진해대로 698 (경화동),35.15925054,128.6918206,24개,999만원,"114,528명","5,495명","15,311명",297만원
남양산IC DT,경상남도 양산시 동면 양산대로 532,35.319987,129.030485,23개,729만원,"110,096명","4,596명","14,447명",335만원
김해가야로DT,경상남도 김해시 가야로 450 (동상동),35.2409026,128.8843414,20개,758만원,"27,844명","4,243명","12,596명",300만원
김해외동DT,경상남도 김해시 분성로 146 (외동),35.22962555,128.8629481,45개,887만원,"69,858명","9,882명","24,732명",316만원
양산덕계DT,경상남도 양산시 웅상대로 860 (덕계동),35.375986,129.155662,24개,790만원,"99,341명","5,229명","14,726명",305만원
서김해IC DT,경상남도 김해시 금관대로 820-22 (명법동),35.20387719,128.8379705,1개,888만원,"12,985명",797명,438명,331만원
진해자은DT,경상남도 창원시 진해구 진해대로 962 (자은동),35.143793,128.706881,40개,631만원,"66,507명","5,902명","21,805명",302만원
김해대로DT,경상남도 김해시 김해대로 2465,35.227992,128.896545,38개,903만원,"90,193명","10,772명","14,244명",307만원
울산남목DT,울산광역시 동구 방어진순환도로 1146 (서부동),35.5397841,129.4234235,26개,676만원,"76,266명","5,432명","9,782명",309만원
정관신도시DT,부산광역시 기장군 정관읍 모전로 101,35.33444637,129.1707265,30개,"1,121만원","34,269명","3,251명","21,269명",331만원
울산일산비치DT,울산광역시 동구 일산진11길 95 (일산동),35.49886431,129.4309941,35개,"1,550만원","107,162명","51,509명","8,390명",335만원
목포용해DT,전라남도 목포시 대양로 133 (용해동),34.8221766,126.3941505,15개,711만원,"63,729명","2,377명","12,654명",303만원
전남도청DT,전라남도 무안군 삼향읍 남악3로 54,34.81027153,126.4606025,67개,"1,156만원","144,694명","8,485명","16,000명",344만원
화명강변DT,부산광역시 북구 금곡대로77 (덕천동),35.216972,129.004611,33개,"1,173만원","88,925명","7,664명","14,431명",301만원
금정남산동DT,부산광역시 금정구 중앙대로 1989 (남산동),35.26217862,129.091325,36개,780만원,"47,384명","15,220명","25,743명",322만원
목포터미널DT,전라남도 목포시 영산로 495 (상동),34.8101683,126.4169697,38개,"1,040만원","73,476명","9,583명","17,780명",312만원
목포북항DT,전라남도 목포시 고하대로 694 (산정동),34.8086337,126.3732658,24개,"1,023만원","145,303명","8,290명","17,757명",286만원
부산구남역DT,부산광역시 북구 백양대로 1040 (구포동),35.19824128,128.9962801,24개,798만원,"79,976명","9,990명","21,792명",310만원
부산만덕DT,부산광역시 북구 만덕대로 323 (만덕동),35.213166,129.039764,31개,948만원,"84,564명","6,607명","22,546명",284만원
금정구청DT,부산광역시 금정구 중앙대로 1730 (부곡동),35.23892179,129.0930506,64개,888만원,"106,717명","17,268명","25,228명",316만원
삼락강변DT,부산광역시 사상구 낙동대로 1306 (삼락동),35.17668455,128.9767104,5개,832만원,"19,553명","10,716명","2,891명",312만원
온천장역DT,부산광역시 금정구 식물원로 13 (장전동),35.224006,129.08656,133개,"1,138만원","132,210명","19,949명","36,717명",301만원
여수둔덕DT,전라남도 여수시 좌수영로 482 (둔덕동),34.768947,127.697469,15개,723만원,"50,199명","6,169명","9,212명",309만원
강서녹산DT,부산광역시 강서구 낙동남로511번길 42 (녹산동),35.11286233,128.8796442,12개,"1,070만원","30,940명","3,987명","3,035명",371만원
동래미남DT,부산광역시 동래구 충렬대로 101 (온천동),35.20719597,129.0720251,67개,957만원,"140,186명","20,067명","43,573명",314만원
여수학동DT,전라남도 여수시 도원로 271 (학동),34.76151,127.660968,75개,986만원,"214,673명","16,747명","12,964명",324만원
부산교대역DT,부산광역시 연제구 중앙대로 1250 (거제동),35.19890409,129.0789312,84개,"1,044만원","132,987명","27,370명","31,849명",312만원
사상주례DT,부산광역시 사상구 백양대로 520 (주례동),35.154847,128.996302,22개,"1,586만원","110,315명","13,622명","17,952명",316만원
울산간절곶DT,울산광역시 울주군 서생면 해맞이로 1216,35.35821208,129.3556211,11개,"2,121만원","11,396명",228명,479명,419만원
동서대DT,부산광역시 사상구 가야대로 338 (주례동),35.150863,129.010026,64개,867만원,"135,511명","16,333명","30,564명",312만원
사상엄궁DT,부산광역시 사상구 낙동대로 744 (엄궁동),35.127533,128.969588,22개,"1,028만원","79,394명","10,314명","15,782명",319만원
수영강변DT,부산광역시 해운대구 수영강변대로 516 (반여동),35.203889,129.119336,37개,764만원,"100,010명","11,000명","33,787명",302만원
부산안락DT,부산광역시 동래구 충렬대로 446 (안락동),35.1958595,129.106954,67개,924만원,"94,830명","14,675명","31,962명",305만원
명지강변DT,부산광역시 강서구 르노삼성대로 620 (명지동),35.1026237,128.9294804,34개,"1,868만원","32,414명","2,046명","6,925명",327만원
기장일광DT,부산광역시 기장군 일광읍 기장대로 706,35.25724296,129.2251337,16개,"1,085만원","26,983명","1,427명","10,119명",324만원
을숙도강변DT,부산광역시 사하구 하신번영로 381-6 (하단동),35.11526,128.959578,32개,"1,037만원","42,687명","5,370명","13,475명",309만원
기장역DT,부산광역시 기장군 기장읍 기장대로 527,35.2421513,129.220117,58개,955만원,"70,051명","9,442명","12,033명",312만원
수영망미DT,부산광역시 수영구 과정로 68 (망미동),35.177411,129.107428,51개,730만원,"91,096명","13,471명","31,175명",302만원
여수신월DT,전라남도 여수시 신월로 567 (신월동),34.72469427,127.7088707,4개,796만원,"18,290명","1,989명","7,646명",319만원
부산재송DT,부산광역시 해운대구 해운대로 189 (재송동),35.181271,129.12405,51개,883만원,"102,496명","21,806명","27,767명",330만원
더여수돌산DT,전라남도 여수시 돌산읍 돌산로 3549,34.727515,127.743784,4개,"1,921만원","8,730명",674명,885명,307만원
사하장림DT,부산광역시 사하구 을숙도대로 682 (장림동),35.0849337,128.9802207,22개,980만원,"183,864명","12,061명","12,984명",312만원
동부산DT,부산광역시 기장군 기장읍 기장해안로 56,35.184073,129.210875,22개,"2,114만원","21,433명","2,250명","3,797명",315만원
해운대달맞이DT,부산광역시 해운대구 달맞이길 57 (중동) 1~3층,35.1615043,129.1710436,0,0,0,0,0,0
동명대DT,부산광역시 남구 신선로 423 (용당동),35.12311959,129.0990164,14개,"1,024만원","43,876명","8,516명","6,922명",317만원
다대포DT,부산광역시 사하구 다대로 493 (다대동),35.060973,128.975257,30개,999만원,"90,488명","7,060명","19,066명",302만원
영도청학DT,부산광역시 영도구 태종로 373 (청학동),35.093885,129.065171,24개,"1,478만원","43,508명","7,002명","13,497명",310만원
거제대로DT,경상남도 거제시 거제대로 4521 (수월동),34.894667,128.641559,24개,739만원,"39,176명","5,536명","15,655명",321만원
거제옥포DT,경상남도 거제시 거제대로 3718 (옥포동),34.88899098,128.6915736,27개,806만원,"38,562명","8,756명","8,897명",320만원
제주세화DT,제주특별자치도 제주시 구좌읍 일주동로 3121,33.5229969,126.8530933,39개,678만원,"7,870명","1,542명","1,902명",325만원
제주삼화DT,제주특별자치도 제주시 연삼로 884 (도련일동),33.5117687,126.5804734,17개,"1,200만원","62,948명","2,678명","10,233명",317만원
제주서해안로DT,제주특별자치도 제주시 서해안로 624 (용담삼동),33.5167857,126.5035553,4개,"1,968만원","25,423명","2,097명","4,165명",300만원
제주일도DT,제주특별자치도 제주시 동광로 130 (일도이동),33.5073284,126.540898,41개,890만원,"50,973명","9,281명","20,689명",316만원
제주용담DT,제주특별자치도 제주시 서해안로 380 (용담삼동) 화이트하우스,33.512345,126.484564,8개,"4,821만원","14,706명",281명,87명,311만원
제주공항DT,제주특별자치도 제주시 월성로 42 (용담이동),33.5005664,126.5054842,5개,"1,666만원","24,628명","3,444명","5,140명",339만원
제주노형DT,제주특별자치도 제주시 월랑로 68 (노형동),33.49084998,126.4742783,41개,"1,191만원","57,190명","9,101명","17,312명",347만원
제주외도DT,제주특별자치도 제주시 일주서로 7300 (외도일동),33.49233288,126.4270663,19개,"1,337만원","35,799명","3,033명","8,608명",318만원
제주도남DT,제주특별자치도 제주시 연북로 394 (도남동),33.4803417,126.5235565,3개,736만원,"13,644명","1,012명","1,112명",340만원
제주성산DT,제주특별자치도 서귀포시 성산읍 일출로 80,33.449718,126.9207013,7개,492만원,"7,407명","1,095명",574명,315만원
제주한라수목원DT,제주특별자치도 제주시 수목원서길 3-5 (노형동),33.46902,126.4845855,16개,"1,528만원","15,883명","2,202명","1,611명",379만원
제주평화로DT,제주특별자치도 제주시 노형로 37 (해안동),33.46329278,126.4509979,7개,"1,042만원","26,440명",806명,"2,134명",324만원
제주애월DT,제주특별자치도 제주시 애월읍 애월해안로 376,33.47278,126.348739,5개,"1,181만원","4,774명",367명,776명,323만원
제주한담해변DT,제주특별자치도 제주시 애월읍 일주서로 6142,33.458479,126.311091,19개,"2,073만원","5,963명",490명,320명,323만원
제주서귀포남원DT,제주특별자치도 서귀포시 남원읍 일주동로 7129,33.2828825,126.718877,21개,661만원,"11,506명","1,513명","2,393명",369만원
서귀포DT,제주특별자치도 서귀포시 일주서로 11 (강정동),33.2492775,126.5065228,22개,987만원,"111,206명","4,093명","7,960명",351만원
제주중문DT,제주특별자치도 서귀포시 천제연로 95(색달동),33.2549983,126.4159058,13개,"4,201만원","38,864명","1,282명",908명,315만원
제주모슬포DT,제주특별자치도 서귀포시 대정읍 일주서로 2549,33.2272873,126.2578882,15개,"1,012만원","11,046명","1,550명","3,242명",336만원
